Order ID,Date,Sum
35-108-0046,2/11/2023,2100.0
33-051-8148,2/20/2023,1140.0
12-208-2439,10/16/2022,1309.8
93-628-1976,7/8/2022,262.88
41-755-7661,7/5/2022,1983.48
90-695-9985,8/4/2022,1793.25
59-293-3443,7/6/2022,3156.53
90-024-2684,4/10/2022,8559.0
82-310-1525,4/24/2022,1665.16
54-071-2952,11/17/2022,4754.88
85-742-4802,8/28/2022,6568.97
89-064-9486,7/26/2022,4199.85
93-135-5937,3/22/2023,790.45
93-783-4786,1/28/2023,2498.49
53-195-6856,5/20/2022,4123.0
30-129-4636,7/29/2022,6283.8
74-863-3560,1/4/2023,7607.52
52-631-7214,8/5/2022,902.35
24-537-0189,12/19/2022,4483.2
76-875-2571,1/19/2023,984.8
25-252-3443,6/24/2022,288.24
08-475-4369,6/13/2022,1141.5
35-542-3832,7/15/2022,1656.07
96-375-4748,10/10/2022,1993.95
19-575-2189,2/4/2023,2174.35
26-568-5714,10/10/2022,2467.64
33-535-0532,9/11/2022,4185.4
43-471-0298,6/9/2022,4878.2
17-960-6147,4/5/2023,1275.66
19-575-8071,5/7/2022,6768.16
37-975-9862,1/3/2023,3687.19
77-328-8662,2/9/2023,101.22
94-690-2129,8/24/2022,145.61
46-376-2751,10/27/2022,2281.76
27-945-8251,6/15/2022,3890.62
43-338-4634,3/29/2023,1490.56
89-793-6046,12/22/2022,3272.49
69-589-5001,2/19/2023,953.7
31-020-6422,7/10/2022,1066.17
49-205-5056,4/13/2022,1587.04
48-147-8509,11/6/2022,4113.76
60-026-7740,3/14/2023,3430.4
79-879-0524,12/28/2022,4226.56
03-660-0042,8/15/2022,1538.88
86-643-8415,11/7/2022,2811.0
85-553-9853,3/31/2023,300.33
55-934-3913,7/27/2022,401.26
21-688-8231,8/18/2022,549.08
04-473-5627,2/25/2023,3084.12
22-909-1934,11/16/2022,1687.07
20-893-8787,9/10/2022,297.09
78-849-4236,8/25/2022,5818.25
46-091-6849,5/21/2022,1661.75
12-856-7134,4/6/2023,3969.28
10-413-6587,4/28/2022,378.31
29-422-2396,2/14/2023,1110.93
47-405-1408,6/9/2022,487.64
75-714-1591,12/24/2022,6852.02
75-032-2226,12/14/2022,3232.4
07-848-8418,5/9/2022,658.49
14-006-6839,3/15/2023,1086.78
00-283-7581,12/1/2022,6971.67
60-267-7384,10/16/2022,3481.04
61-317-5254,1/25/2023,4477.72
56-720-6369,3/28/2023,379.94
21-348-7143,5/6/2022,2058.0
12-306-6935,1/15/2023,801.04
75-109-4321,6/16/2022,664.75
87-043-9553,8/21/2022,373.51
03-460-5752,4/27/2022,1200.15
32-992-3675,3/9/2023,361.65
11-776-1623,8/6/2022,9424.38
38-548-3263,12/1/2022,5843.18
79-100-1532,7/16/2022,4127.11
37-939-3187,6/15/2022,4024.6
43-297-5039,4/5/2023,8777.7
28-464-5412,4/10/2022,2097.9
18-344-4335,1/29/2023,2337.33
17-612-9681,12/6/2022,5896.08
43-758-0041,11/26/2022,465.75
59-760-0553,12/5/2022,300.48
30-494-5395,10/26/2022,1138.35
62-879-7031,5/26/2022,1812.84
25-682-3384,7/16/2022,357.3
16-738-2417,3/21/2023,841.8
30-544-2038,2/19/2023,5699.54
05-443-9696,12/27/2022,4809.97
42-812-9454,3/27/2023,217.98
62-958-9615,10/27/2022,5972.48
02-568-5264,2/21/2023,731.22
50-629-5326,3/15/2023,3975.66
18-554-2672,8/25/2022,2390.19
50-086-2206,6/8/2022,1092.4
52-631-3016,12/7/2022,6854.4
30-917-7322,10/24/2022,762.68
58-307-0247,8/10/2022,1977.92
95-032-5318,11/5/2022,268.92
64-920-0996,1/2/2023,1258.88
76-059-2920,9/5/2022,182.35
88-897-8865,1/24/2023,1033.71
31-257-0320,9/15/2022,1870.38
18-314-7074,12/27/2022,9674.4
15-302-0686,10/16/2022,5656.32
21-501-0470,1/10/2023,1961.76
93-067-3922,11/26/2022,2110.9
26-053-5025,12/26/2022,1370.6
95-797-6898,9/22/2022,103.04
91-021-1810,7/13/2022,796.53
07-105-8015,7/18/2022,191.91
49-990-4459,7/2/2022,8891.43
93-390-0855,12/22/2022,3985.2
01-080-9065,4/16/2022,461.88
17-031-4940,10/3/2022,8861.8
74-848-0126,5/6/2022,375.01
56-112-9191,2/8/2023,3309.28
33-882-1152,2/5/2023,6559.56
21-779-0759,7/4/2022,2411.64
38-733-7012,3/5/2023,6051.64
18-717-2351,4/11/2022,1713.24
16-625-2315,5/8/2022,2498.08
15-732-4451,9/8/2022,2249.76
18-682-4913,8/3/2022,4702.2
81-065-8108,7/21/2022,1924.38
76-549-6655,5/8/2022,6910.84
18-170-0389,5/31/2022,379.04
70-802-4298,8/3/2022,1863.95
53-515-2876,9/22/2022,2765.97
39-722-8934,5/16/2022,4277.8
06-774-4614,4/6/2023,6203.88
76-912-9421,8/8/2022,2037.75
49-328-5395,1/27/2023,555.88
26-967-8930,3/28/2023,2341.2
87-731-0699,10/14/2022,2603.79
06-766-0582,6/3/2022,3397.02
61-021-1696,12/6/2022,1402.56
55-254-5110,10/22/2022,4093.8
19-156-9483,6/26/2022,2160.66
47-972-2891,5/19/2022,779.86
53-881-3994,3/7/2023,562.23
09-162-0729,11/29/2022,967.36
86-756-3318,1/22/2023,1772.96
10-506-2051,3/17/2023,5590.6
64-599-8121,11/6/2022,7582.9
79-260-7154,6/3/2022,7343.83
64-322-9907,11/13/2022,930.26
65-455-0100,4/11/2022,1652.6
06-857-6550,12/3/2022,69.83
25-016-6339,1/22/2023,847.35
60-554-3792,10/29/2022,1271.6
99-081-5992,3/23/2023,2898.09
19-678-2795,7/14/2022,428.07
46-871-6769,10/29/2022,2450.8
09-122-9921,7/22/2022,4913.02
05-505-1214,6/10/2022,846.0
50-983-4004,9/2/2022,2278.71
13-135-0563,6/14/2022,5953.09
09-836-9512,8/29/2022,2997.2
23-976-4291,1/23/2023,2355.66
30-522-5091,10/22/2022,7282.44
12-837-7188,11/20/2022,1051.29
68-289-1391,8/29/2022,2865.2
25-654-5919,12/21/2022,2040.64
64-212-2377,8/7/2022,1747.57
83-330-0464,6/28/2022,1294.56
01-823-2494,2/28/2023,1792.16
61-701-3428,11/28/2022,6463.62
03-231-3861,5/25/2022,1283.94
16-728-1130,2/8/2023,1932.72
73-041-4519,6/5/2022,744.44
86-831-6407,8/10/2022,6009.51
40-958-2238,8/30/2022,579.44
13-240-1491,5/10/2022,1385.04
79-434-0890,3/13/2023,2743.52
51-244-6529,9/8/2022,3054.15
39-261-8450,10/19/2022,6772.32
88-773-7394,1/9/2023,1316.79
70-072-7728,7/13/2022,4653.96
87-444-2688,5/6/2022,1535.85
42-598-2967,9/16/2022,2866.72
59-591-4723,10/18/2022,5454.14
10-306-8245,2/5/2023,4846.33
60-390-5012,9/29/2022,828.52
85-504-6823,6/20/2022,3315.95
03-303-4022,10/2/2022,4798.26
67-268-1614,8/3/2022,2738.45
90-807-5568,7/30/2022,1890.75
59-747-3320,8/4/2022,326.05
33-301-2170,12/1/2022,6932.38
41-373-4488,11/12/2022,3189.9
03-798-9437,8/19/2022,526.84
84-697-7513,11/8/2022,820.5
32-802-1858,11/18/2022,527.03
88-552-2482,9/9/2022,1720.98
16-229-3243,12/2/2022,581.66
37-510-4000,2/18/2023,633.92
44-379-0986,6/17/2022,6380.6
52-019-4564,9/13/2022,2284.45
81-608-6107,12/5/2022,2306.3
31-022-2294,4/22/2022,765.04
18-038-7646,10/19/2022,5106.24
59-030-5205,11/7/2022,3055.92
24-307-6643,1/23/2023,4484.74
16-861-4040,8/25/2022,2143.4
63-630-7701,8/29/2022,1651.5
34-778-8496,5/11/2022,684.18
94-086-8339,4/15/2022,1756.56
16-543-7857,2/22/2023,832.64
63-972-7955,1/8/2023,1525.24
05-436-0733,4/23/2022,1627.11
72-761-0847,7/17/2022,1528.88
05-404-0178,10/7/2022,1641.78
67-449-1873,11/13/2022,6228.63
35-849-6017,1/5/2023,537.92
33-698-2878,4/20/2022,5323.08
12-364-7175,11/19/2022,5444.66
88-364-2794,3/12/2023,774.32
20-578-3399,5/18/2022,3353.6
32-304-3952,11/28/2022,1093.1
66-470-2312,10/2/2022,1496.0
39-118-8340,8/15/2022,3475.6
39-634-3403,1/5/2023,3256.0
16-574-2949,9/7/2022,4197.76
70-695-0004,11/27/2022,6112.99
61-122-5959,7/14/2022,7859.68
36-869-3075,7/21/2022,2442.22
55-480-8976,10/6/2022,6663.3
60-580-3795,1/3/2023,2226.51
73-490-4504,11/4/2022,510.96
22-275-5339,4/19/2022,3530.39
12-167-2263,10/3/2022,4240.8
76-377-5408,2/7/2023,636.76
02-944-0849,8/2/2022,3154.48
04-613-2077,12/5/2022,3151.54
00-986-3313,7/24/2022,695.94
50-117-5728,11/20/2022,2180.29
26-812-3743,6/7/2022,3155.28
73-701-8988,10/18/2022,2046.72
10-723-0500,5/29/2022,3138.16
59-103-4973,5/14/2022,863.61
84-149-7626,11/10/2022,375.54
57-306-9402,4/17/2022,312.46
98-082-5932,11/5/2022,1229.2
02-244-3017,4/14/2022,502.5
20-945-1490,6/7/2022,7080.4
69-889-0891,7/16/2022,2856.12
91-984-1123,11/25/2022,2360.96
26-030-0617,11/12/2022,8235.14
22-921-4686,9/11/2022,429.06
66-777-8073,12/12/2022,5273.64
32-067-2704,6/24/2022,7269.12
64-932-8651,4/3/2023,2343.3
75-160-1736,2/26/2023,4206.73
13-070-9497,6/20/2022,2341.71
88-387-4500,8/13/2022,4678.3
71-930-3888,7/22/2022,3346.28
09-427-1648,5/12/2022,1079.6
67-300-3827,11/6/2022,4256.85
43-968-2075,2/23/2023,3464.5
17-255-0530,4/27/2022,298.84
33-531-1614,3/27/2023,5118.12
57-523-0907,9/24/2022,8467.73
04-270-5491,11/3/2022,2476.4
49-950-8146,8/1/2022,3141.88
56-151-2734,3/8/2023,2409.42
89-875-9425,9/12/2022,4235.66
36-624-0709,10/22/2022,2641.2
73-612-4078,1/12/2023,1815.6
87-544-6215,9/7/2022,1295.47
95-241-0104,12/2/2022,1479.45
06-838-4706,11/4/2022,567.08
02-975-9272,11/13/2022,3889.9
37-839-3428,8/10/2022,1785.84
09-455-9801,6/8/2022,4187.12
28-707-9381,11/2/2022,4585.92
40-929-9655,8/7/2022,998.64
36-904-4490,3/15/2023,6475.35
85-523-2615,7/7/2022,377.55
36-361-3640,3/20/2023,2681.37
02-049-9946,1/27/2023,6211.2
71-730-0905,11/18/2022,168.39
55-518-9569,10/17/2022,960.4
73-214-7239,10/27/2022,2425.12
10-013-4328,11/29/2022,1786.9
57-226-7041,9/5/2022,385.32
64-208-6161,7/14/2022,1297.2
66-687-8866,10/18/2022,461.78
36-694-9452,7/10/2022,4791.5
48-835-1249,4/11/2022,198.58
56-750-5298,3/31/2023,4266.9
20-296-9622,5/7/2022,2884.74
64-254-3681,10/19/2022,5121.0
51-361-2196,8/29/2022,3225.46
75-593-2744,5/5/2022,4850.67
14-151-0660,4/7/2023,139.61
66-541-4065,4/12/2022,3923.22
76-300-0725,8/8/2022,6789.44
26-299-0634,12/12/2022,1263.36
20-259-3595,10/16/2022,828.6
96-433-4973,2/14/2023,751.92
32-171-9286,9/13/2022,5973.4
63-903-6617,6/5/2022,1876.96
10-288-5481,6/11/2022,2372.69
51-143-9228,12/7/2022,4976.25
35-964-5492,9/1/2022,538.08
24-047-4338,12/31/2022,1339.26
68-471-6588,7/2/2022,1070.66
80-764-0250,11/6/2022,1063.0
51-077-7206,10/31/2022,686.82
32-402-0149,1/29/2023,3833.36
11-906-4455,12/9/2022,3904.83
15-415-5566,10/11/2022,1892.76
92-565-9247,3/23/2023,5430.14
55-777-0696,6/29/2022,7271.1
79-012-7638,11/4/2022,2751.14
00-284-5650,7/23/2022,5105.76
57-302-1166,6/3/2022,470.34
63-903-5088,6/2/2022,5867.04
49-880-8579,3/25/2023,709.28
53-230-5230,1/18/2023,3726.57
23-933-0279,8/5/2022,4738.2
76-360-5175,7/18/2022,6401.2
08-603-5612,11/12/2022,457.44
93-704-8785,1/15/2023,2856.28
93-517-7596,7/17/2022,2271.36
61-791-6913,3/11/2023,2081.3
67-760-2376,1/26/2023,2192.79
15-912-7838,2/15/2023,1875.78
23-635-5873,8/5/2022,5719.05
33-561-1894,8/23/2022,2439.25
56-141-1160,1/12/2023,997.22
06-264-7790,9/15/2022,1908.7
06-291-6716,1/25/2023,2200.74
90-276-1234,7/12/2022,853.56
09-523-9701,6/2/2022,194.43
33-298-9960,1/5/2023,3419.43
81-239-8164,1/2/2023,7041.06
38-900-8566,9/23/2022,7362.88
96-479-3057,1/20/2023,940.14
66-516-3153,1/31/2023,896.46
67-032-3676,2/11/2023,5401.66
63-144-1591,11/7/2022,3311.56
78-890-4512,10/13/2022,5369.4
13-049-5101,8/7/2022,204.64
82-290-0111,12/25/2022,4750.72
38-022-3179,3/12/2023,463.2
74-336-2922,5/18/2022,4052.4
62-176-9018,5/18/2022,1859.13
66-557-6832,9/14/2022,1611.01
37-070-0670,12/11/2022,434.76
30-302-9326,11/10/2022,1213.76
93-953-0528,2/19/2023,536.83
05-889-4802,7/5/2022,5597.02
43-917-5033,11/13/2022,1872.96
57-642-1772,12/16/2022,8431.15
72-039-7301,5/25/2022,1401.4
96-880-7236,1/1/2023,6155.7
36-955-4506,10/10/2022,1673.64
02-782-5252,9/22/2022,3635.46
85-041-8593,5/21/2022,5546.25
04-243-9220,7/7/2022,771.76
82-714-4048,2/7/2023,2423.52
41-617-2042,1/30/2023,1162.2
81-762-1891,4/4/2023,248.55
28-074-6458,6/28/2022,3414.4
45-770-4856,4/2/2023,1455.25
88-014-1793,3/25/2023,6985.47
41-525-0664,2/28/2023,1744.92
53-657-6836,8/15/2022,2642.9
27-655-9194,3/8/2023,1042.41
50-352-4162,1/9/2023,4855.51
01-254-1990,7/27/2022,2933.1
56-657-0252,1/30/2023,1773.78
03-646-2248,10/3/2022,7032.22
55-451-1259,3/11/2023,2494.44
02-280-6473,12/12/2022,964.48
51-112-2263,2/1/2023,2222.4
10-504-0178,3/13/2023,1090.35
12-764-9441,4/10/2022,8294.76
30-096-7338,10/21/2022,1841.73
47-642-4953,11/26/2022,180.39
34-248-5729,9/1/2022,727.56
93-035-1578,7/18/2022,4842.28
60-519-4220,9/15/2022,2497.64
24-616-3579,12/31/2022,4710.3
66-964-2616,2/3/2023,4613.05
64-384-3449,1/27/2023,2072.07
30-551-9544,12/25/2022,3235.52
38-185-2828,12/9/2022,223.14
43-307-2078,3/23/2023,1401.75
77-766-1863,1/20/2023,2244.66
54-016-9091,4/25/2022,900.48
04-270-5524,4/14/2022,220.72
58-629-5783,1/30/2023,3226.4
12-753-6740,8/7/2022,2194.43
55-111-1664,8/1/2022,2818.72
03-204-0963,5/26/2022,2710.65
69-371-9797,1/23/2023,3116.85
57-760-1931,4/30/2022,1301.52
17-910-1951,5/25/2022,2773.56
25-879-1952,11/20/2022,1297.5
65-347-0589,5/6/2022,1230.74
61-587-7178,5/10/2022,4282.83
22-460-0965,9/23/2022,1193.16
20-833-4773,10/2/2022,1219.88
95-467-2706,10/30/2022,2544.12
70-768-0825,6/27/2022,2593.57
88-328-8318,12/15/2022,1088.97
27-411-9550,2/20/2023,1405.6
85-182-8003,4/28/2022,1364.12
43-397-7377,3/14/2023,61.31
69-013-3688,12/9/2022,535.98
43-051-8998,5/6/2022,2088.94
70-973-6222,10/7/2022,3195.99
72-761-2257,8/5/2022,9981.4
94-318-0534,8/26/2022,2570.7
61-065-6136,4/14/2022,440.32
33-043-7788,2/2/2023,1679.81
06-507-0081,8/25/2022,95.32
36-699-5268,8/5/2022,7103.4
05-263-9117,12/27/2022,7246.8
08-781-0918,3/3/2023,291.34
28-285-0858,9/8/2022,1363.2
82-753-5963,5/23/2022,3012.64
93-739-7110,4/17/2022,996.26
19-452-7637,9/18/2022,2854.81
59-933-5243,6/19/2022,1228.2
28-514-0012,1/23/2023,1772.75
45-404-0033,1/13/2023,4698.24
60-430-0765,6/3/2022,2647.35
49-492-4373,10/21/2022,5550.84
82-331-4261,5/28/2022,807.84
18-846-2451,5/4/2022,1012.0
24-344-7259,10/4/2022,2110.38
21-545-4020,9/11/2022,870.72
99-554-6538,6/10/2022,4033.95
36-960-7517,11/1/2022,2115.0
35-225-1554,11/9/2022,1077.32
43-404-4074,8/25/2022,1834.2
53-904-9956,4/6/2023,4032.96
86-810-3270,3/17/2023,7961.12
25-843-9504,8/10/2022,5804.8
45-985-1595,1/2/2023,1418.64
27-696-5773,11/9/2022,1393.6
56-170-9119,7/18/2022,5934.72
50-133-6494,12/9/2022,420.18
34-610-8691,7/13/2022,1749.92
02-025-9981,5/18/2022,4198.65
05-857-9670,12/8/2022,447.68
73-195-5880,9/4/2022,7490.37
64-474-1351,4/20/2022,4589.49
72-464-7717,11/14/2022,3166.8
49-385-3844,11/14/2022,4507.2
82-348-0325,12/19/2022,2457.95
48-033-2941,7/8/2022,306.6
05-732-9529,4/22/2022,3576.72
58-141-1919,10/4/2022,132.58
71-671-7245,8/5/2022,5995.08
22-123-0288,11/27/2022,1475.46
31-436-5950,1/30/2023,352.28
18-702-8389,7/15/2022,364.74
51-414-1699,8/16/2022,1254.64
84-468-7367,5/14/2022,873.95
53-752-9516,9/23/2022,2487.66
98-195-5201,7/30/2022,820.44
67-889-7290,12/11/2022,2686.17
91-758-6970,5/20/2022,990.11
77-967-2015,10/5/2022,2573.44
17-139-0607,9/10/2022,1762.25
79-755-0642,10/16/2022,4196.0
12-828-3517,8/22/2022,1704.6
37-286-1310,4/10/2022,1795.56
25-229-0281,11/10/2022,925.02
29-658-1999,7/10/2022,3631.2
22-619-4821,11/29/2022,1645.2
68-711-5215,5/30/2022,1282.61
12-514-8567,7/7/2022,2497.04
49-366-9527,7/4/2022,3806.04
37-441-8646,12/10/2022,7823.91
51-852-0388,6/25/2022,3962.7
73-379-1933,5/26/2022,1580.92
92-049-2724,2/4/2023,1013.68
10-019-9759,12/21/2022,1328.4
58-988-4336,12/26/2022,4668.16
38-502-9134,9/5/2022,3940.92
23-137-0970,9/10/2022,2826.72
09-908-3936,7/21/2022,6135.86
45-065-2908,1/22/2023,6668.34
94-106-8020,12/2/2022,1109.94
20-991-0227,3/8/2023,2414.83
17-212-6197,6/20/2022,3402.28
10-068-1714,9/14/2022,505.64
69-000-6695,7/8/2022,140.44
33-906-9568,11/30/2022,4845.3
40-710-8196,3/27/2023,1887.3
65-968-2002,3/26/2023,2953.44
69-868-5240,4/22/2022,3002.0
51-174-1452,9/7/2022,6245.12
14-170-5705,11/8/2022,6532.26
02-996-3757,8/9/2022,4714.28
59-270-6063,6/2/2022,1477.06
13-675-5546,12/22/2022,4557.45
46-805-5934,2/21/2023,2116.56
84-893-6679,5/19/2022,4660.6
64-652-9620,11/1/2022,5982.72
27-765-7284,5/17/2022,345.55
28-502-1372,2/7/2023,712.53
67-889-8983,4/2/2023,9836.0
48-860-0630,7/1/2022,2068.92
55-821-7633,10/26/2022,1261.44
14-698-7617,10/8/2022,1066.13
52-443-1420,3/10/2023,2486.75
26-699-3099,5/23/2022,3948.48
84-399-4645,3/24/2023,4128.16
80-640-7306,6/25/2022,6387.6
51-792-0309,3/20/2023,1614.92
12-364-2725,12/7/2022,7230.07
31-254-5770,2/1/2023,681.24
94-321-3833,7/27/2022,6386.66
69-002-4885,4/22/2022,402.6
68-859-9563,6/14/2022,2394.34
26-011-8891,5/1/2022,2730.7
17-523-1805,10/31/2022,482.22
69-175-8911,8/15/2022,2274.48
46-480-7774,6/5/2022,4483.08
54-139-6059,12/2/2022,4281.84
29-770-0600,12/12/2022,910.7
43-820-5776,9/23/2022,3760.9
51-499-3420,2/7/2023,1329.0
61-761-8943,3/3/2023,406.0
71-555-3988,4/11/2022,1419.48
36-529-7126,3/22/2023,286.35
45-048-1973,4/19/2022,7518.06
76-839-5999,11/30/2022,2720.82
37-045-4628,5/3/2022,1414.92
73-229-1305,4/30/2022,863.3
20-695-5990,12/13/2022,2478.9
24-851-2725,1/28/2023,681.12
30-668-5822,8/28/2022,1504.99
76-324-8465,4/15/2022,4549.82
34-488-4297,3/2/2023,2841.3
93-575-8856,4/18/2022,4652.64
81-902-9387,11/27/2022,184.86
83-696-2434,9/10/2022,2929.61
50-093-8444,11/23/2022,5825.3
51-792-7904,3/7/2023,4715.25
61-070-8864,7/18/2022,2103.93
29-556-1873,4/23/2022,681.1
17-434-0000,5/30/2022,4694.24
57-026-3863,3/26/2023,1393.56
73-431-1426,5/20/2022,7941.6
00-897-7805,11/6/2022,3958.68
08-048-9873,1/19/2023,8405.03
78-870-9930,6/2/2022,1400.0
00-670-1178,10/1/2022,5465.55
38-576-0324,6/12/2022,3637.12
43-990-8670,4/18/2022,5259.52
60-657-7947,5/4/2022,6745.4
53-928-0403,2/13/2023,597.28
64-218-9730,9/25/2022,547.44
20-306-5271,1/1/2023,1500.9
67-300-9023,3/27/2023,1722.33
00-281-1894,12/13/2022,5857.8
90-296-5744,12/28/2022,876.48
44-228-1337,11/11/2022,2913.84
28-759-0417,8/1/2022,6045.98
96-559-4529,9/20/2022,6045.98
16-225-0393,7/12/2022,4853.33
56-696-7472,3/13/2023,174.62
05-611-5922,11/29/2022,3864.78
43-493-6283,11/30/2022,3922.82
66-479-9241,12/17/2022,2007.8
22-653-4773,12/10/2022,915.6
48-373-3811,9/4/2022,8599.32
84-033-1014,11/23/2022,4925.24
89-722-8232,3/30/2023,1353.33
63-241-2451,2/3/2023,8303.76
95-843-0211,5/4/2022,4213.16
38-263-0003,9/29/2022,2486.75
52-013-6859,2/21/2023,3791.15
85-791-2629,7/5/2022,884.52
30-556-5667,6/7/2022,330.64
71-270-9531,4/29/2022,2888.96
65-500-2818,5/7/2022,4645.31
57-082-2356,6/14/2022,867.98
42-822-1577,1/14/2023,376.6
66-766-8742,9/12/2022,2970.96
26-763-1947,10/12/2022,401.95
81-026-2246,7/21/2022,4546.51
02-795-0348,8/7/2022,264.24
95-786-2649,10/6/2022,2752.16
84-198-7399,1/7/2023,2707.83
61-080-5704,3/25/2023,7197.44
53-044-3073,6/12/2022,2722.32
03-022-0028,3/1/2023,3665.2
75-364-9344,12/16/2022,5021.76
44-783-9054,7/10/2022,2841.2
56-763-1861,11/25/2022,4935.6
83-739-2919,10/19/2022,3018.84
97-520-1723,5/12/2022,3383.45
12-693-3302,9/22/2022,2220.92
14-345-0471,10/30/2022,763.47
43-281-8502,8/14/2022,740.8
43-001-8037,12/5/2022,4704.4
98-693-7118,7/14/2022,3033.54
30-028-9865,7/12/2022,1294.38
17-839-5063,4/8/2023,295.76
82-544-8127,1/28/2023,5973.76
76-578-9213,2/9/2023,3003.84
99-361-7430,5/6/2022,1961.05
17-623-2099,12/20/2022,6836.62
29-008-4254,4/5/2023,459.65
37-240-3471,12/10/2022,6019.65
18-057-8878,5/4/2022,4317.12
17-546-9737,1/6/2023,6829.41
82-967-1621,6/22/2022,4430.53
33-184-9128,7/31/2022,2047.59
44-936-1414,5/28/2022,1329.66
42-779-5515,2/10/2023,3019.94
54-742-5598,4/20/2022,1180.47
14-846-8809,9/14/2022,1559.74
38-336-0037,2/13/2023,1081.11
29-147-0773,4/10/2022,773.1
48-134-1156,7/8/2022,425.7
52-230-8607,6/9/2022,1902.7
18-421-2178,8/29/2022,7729.22
13-578-4058,1/28/2023,748.6
09-417-5947,8/30/2022,8100.46
51-234-5043,11/24/2022,5784.93
14-135-8789,6/30/2022,2763.4
27-426-3274,7/5/2022,3857.14
54-639-8096,12/1/2022,3784.41
81-117-2909,9/27/2022,1638.14
52-666-7688,2/1/2023,2092.5
11-284-7114,5/23/2022,6509.25
16-667-8273,12/20/2022,133.86
21-841-2121,3/1/2023,4553.28
27-123-7110,4/20/2022,1008.16
30-950-6384,7/11/2022,3762.0
50-799-6690,6/21/2022,3794.64
58-482-2382,2/19/2023,965.85
15-757-4425,7/6/2022,2277.63
50-305-7826,9/26/2022,2318.5
78-865-5114,5/6/2022,4084.3
73-966-2400,1/29/2023,5759.64
70-617-6265,10/1/2022,2524.1
79-936-4297,12/28/2022,555.36
17-736-9055,10/5/2022,1515.38
70-766-1908,6/15/2022,9335.08
99-142-8540,5/4/2022,595.62
88-977-0618,4/16/2022,708.36
44-742-0165,12/5/2022,8887.4
65-242-7755,4/20/2022,82.21
35-428-5857,6/7/2022,3940.7
85-956-6935,1/15/2023,6677.1
98-959-1462,1/9/2023,565.29
86-490-8663,1/21/2023,4129.38
35-034-0458,6/24/2022,125.59
19-573-9782,10/20/2022,4795.31
45-805-6760,10/20/2022,6372.34
23-908-6211,4/13/2022,6647.62
63-483-5883,12/1/2022,7981.84
05-801-7831,8/29/2022,3647.41
22-655-2294,2/22/2023,3700.48
67-440-6517,1/20/2023,3896.96
24-928-6775,11/25/2022,6406.56
15-278-9499,7/12/2022,3313.05
89-007-4291,3/4/2023,5000.23
37-484-5667,3/21/2023,3991.65
54-032-7482,11/22/2022,1170.72
68-383-1182,10/19/2022,961.12
46-252-4158,1/8/2023,2156.49
34-739-0695,10/13/2022,6689.76
81-195-8895,2/13/2023,757.24
56-482-2000,10/13/2022,2278.67
74-659-3356,3/21/2023,6249.44
26-460-6973,8/23/2022,2360.4
45-515-0393,11/18/2022,807.95
43-798-7495,3/19/2023,1130.32
38-892-5537,2/21/2023,3548.64
87-684-0678,1/2/2023,5808.14
12-737-4428,6/13/2022,3269.88
48-572-0098,11/17/2022,7618.4
02-715-5156,2/26/2023,2153.79
49-588-6535,6/8/2022,2217.44
81-501-5902,2/18/2023,810.64
85-335-7342,3/13/2023,1381.44
19-730-4897,6/18/2022,2562.7
03-948-4063,12/9/2022,1691.76
24-190-6715,1/14/2023,4083.0
68-986-3422,3/26/2023,2496.48
79-667-5427,7/28/2022,707.6
32-266-7621,10/2/2022,907.68
02-592-1167,2/15/2023,3732.48
94-227-5013,3/20/2023,3407.95
82-253-0701,12/3/2022,1460.36
88-837-4589,2/2/2023,344.59
47-011-7074,12/28/2022,6781.88
27-969-9313,10/6/2022,329.54
14-657-1492,6/24/2022,3213.96
33-764-7690,3/15/2023,2492.32
44-809-9846,10/25/2022,3128.58
00-439-0935,7/11/2022,3889.8
82-204-1954,6/27/2022,5310.54
27-881-1291,3/2/2023,436.75
72-533-9356,1/19/2023,4429.95
93-727-6399,8/19/2022,1140.08
65-590-2916,5/25/2022,6514.72
44-469-4326,1/8/2023,1852.95
11-216-6952,8/2/2022,6431.36
38-843-1879,6/29/2022,3438.2
74-044-6188,11/25/2022,192.05
24-401-2473,6/4/2022,3680.2
40-025-9561,5/17/2022,6435.3
37-759-4779,4/15/2022,3646.84
97-957-2112,8/28/2022,1396.23
31-435-2754,9/10/2022,3551.76
49-948-8509,9/27/2022,2312.76
64-562-9046,6/21/2022,3825.92
70-289-3745,12/18/2022,700.14
50-239-7445,8/19/2022,133.24
44-836-7303,10/12/2022,3430.92
64-992-9413,8/15/2022,273.4
35-596-4557,1/1/2023,1166.13
85-406-6897,4/22/2022,4486.69
05-777-6856,7/15/2022,5618.34
72-036-7023,3/6/2023,2068.68
15-504-6389,2/6/2023,1966.36
68-910-5522,5/25/2022,6486.8
24-905-4382,12/16/2022,1824.9
77-034-6951,5/15/2022,338.82
40-059-6846,9/16/2022,4889.72
64-362-4810,3/15/2023,1587.56
87-683-9875,10/2/2022,3099.85
79-255-5403,3/10/2023,8137.51
28-028-1365,11/17/2022,2069.58
42-634-1909,4/28/2022,3328.16
33-618-5661,9/17/2022,705.44
76-137-6937,3/14/2023,1072.63
93-247-4203,10/19/2022,2357.1
74-818-5848,3/2/2023,4902.43
99-038-0580,10/22/2022,3338.72
11-239-4075,6/21/2022,1654.56
25-149-5844,11/21/2022,52.86
11-593-0336,6/19/2022,1208.82
06-450-5348,6/20/2022,1889.65
44-691-5570,10/20/2022,4171.42
38-322-9862,11/16/2022,1499.89
81-311-5149,7/4/2022,852.11
12-775-3679,2/4/2023,3638.7
43-441-4903,9/29/2022,3511.44
89-919-7560,3/16/2023,6298.2
95-017-4349,7/16/2022,5239.74
90-780-6828,6/29/2022,5890.0
58-992-7277,6/30/2022,1881.22
06-266-1791,5/1/2022,5871.84
42-751-7476,3/25/2023,370.3
93-417-3868,8/26/2022,2326.1
80-544-4894,2/17/2023,996.71
68-608-5854,8/25/2022,599.26
45-283-7730,12/27/2022,7054.89
50-281-0698,2/14/2023,800.58
46-481-8998,10/8/2022,1730.65
99-905-5913,5/19/2022,5047.08
30-814-3275,8/27/2022,2704.02
28-412-5882,7/25/2022,902.52
32-299-5126,2/13/2023,901.32
58-277-6024,2/14/2023,2678.82
18-115-9913,3/9/2023,5289.72
44-381-7415,12/9/2022,8146.06
18-938-0665,11/9/2022,2396.76
35-929-9556,5/15/2022,5068.36
93-830-5905,10/14/2022,1204.17
78-795-9993,5/11/2022,6148.08
35-560-1624,8/16/2022,4878.45
51-525-4799,3/26/2023,580.44
91-177-7654,6/13/2022,1011.81
96-354-1859,11/6/2022,5251.65
19-425-1733,6/19/2022,3148.02
12-789-0851,11/26/2022,639.74
59-067-7954,11/21/2022,1358.95
11-065-4098,6/2/2022,3873.4
98-037-2362,3/21/2023,1935.29
74-501-6591,5/18/2022,1416.91
93-520-6300,4/23/2022,3039.1
39-356-3938,3/23/2023,1190.32
27-542-1711,5/28/2022,9011.0
65-116-8197,8/31/2022,1663.2
03-777-1967,11/8/2022,911.45
47-906-5621,8/1/2022,908.53
84-398-9359,12/11/2022,3186.45
51-252-1785,7/26/2022,5957.77
55-006-4553,10/4/2022,4115.16
72-398-7643,9/29/2022,3923.81
06-273-7232,9/3/2022,357.28
97-120-7723,7/5/2022,673.44
09-625-6348,11/4/2022,2506.32
82-988-2957,4/19/2022,2847.15
48-177-0543,9/22/2022,5522.35
83-733-3141,3/13/2023,2046.4
90-354-5240,4/25/2022,1066.86
79-896-4576,2/3/2023,4788.41
51-306-0825,4/20/2022,593.48
88-037-7891,4/24/2022,4422.66
17-800-2852,7/8/2022,5176.35
32-839-1987,2/8/2023,1027.1
58-254-9792,11/12/2022,1725.5
23-795-6343,4/4/2023,829.98
41-234-0624,1/20/2023,6948.0
13-194-4748,9/16/2022,3578.56
35-093-7350,11/14/2022,974.6
95-471-0085,1/13/2023,1382.15
32-035-4156,5/19/2022,6335.93
20-064-8055,4/22/2022,2085.2
96-344-8455,12/27/2022,911.3
95-429-5180,12/28/2022,5285.94
23-992-6400,2/8/2023,688.9
44-017-7963,6/16/2022,333.06
04-671-6167,3/2/2023,6217.92
74-611-4163,6/9/2022,947.1
44-650-4148,7/30/2022,1086.44
97-738-0664,3/17/2023,2969.28
55-250-5948,7/31/2022,2499.2
38-847-6765,9/14/2022,5578.8
78-730-3607,10/3/2022,6206.22
95-950-7972,3/11/2023,522.88
13-408-3786,10/15/2022,3522.0
75-724-7231,4/28/2022,3186.59
51-388-3975,11/25/2022,6729.99
63-039-2086,11/18/2022,3744.8
58-898-6771,4/11/2022,2358.4
47-788-0074,11/8/2022,637.74
94-097-9053,10/12/2022,4319.01
80-976-5233,1/29/2023,377.22
35-462-5058,5/21/2022,5603.26
21-900-4078,10/12/2022,692.56
60-583-5499,2/14/2023,5589.09
92-936-7434,6/4/2022,5290.08
33-546-3231,7/24/2022,3888.22
72-841-2355,12/6/2022,2824.65
47-570-1287,11/3/2022,2848.92
73-027-1403,1/25/2023,5723.52
72-989-3515,5/20/2022,2145.92
63-851-4513,1/25/2023,2838.72
18-786-6643,8/26/2022,1478.84
42-508-1996,8/9/2022,1361.01
13-000-9133,2/21/2023,3305.54
97-067-8063,5/22/2022,6116.32
85-070-7364,4/25/2022,1982.04
12-431-4012,4/2/2023,532.8
15-378-1159,8/18/2022,1417.12
37-576-0264,12/26/2022,706.41
48-575-6579,8/19/2022,1820.25
91-887-6557,1/3/2023,4713.42
29-044-5404,1/4/2023,1644.18
63-597-3208,9/23/2022,6493.35
52-727-1424,5/21/2022,1317.6
29-386-4007,9/23/2022,1302.9
78-504-2493,5/9/2022,3556.64
75-697-0109,1/25/2023,7766.82
30-638-1636,6/24/2022,1979.14
68-665-3404,6/27/2022,2424.66
45-146-9785,4/18/2022,7392.2
54-995-7637,12/26/2022,2593.92
78-719-3367,12/27/2022,1789.76
21-462-8207,6/23/2022,930.41
89-994-2770,11/2/2022,3919.3
16-263-1478,2/11/2023,7095.9
29-686-1708,12/22/2022,2693.74
04-713-3195,1/3/2023,2837.64
51-943-0406,9/1/2022,5483.92
00-880-8977,1/16/2023,3674.38
49-242-5335,7/4/2022,6242.4
45-296-6606,3/16/2023,3815.46
40-911-8582,12/5/2022,5571.04
52-255-4782,6/27/2022,5410.3
10-705-4599,4/12/2022,841.92
36-714-9009,11/9/2022,1446.6
64-626-7184,3/2/2023,7969.76
07-371-1917,1/24/2023,5315.04
98-814-3904,11/7/2022,283.76
73-839-2180,2/18/2023,476.39
12-853-2001,12/4/2022,508.89
97-190-6635,9/18/2022,1356.36
37-507-0760,12/21/2022,1990.66
09-634-0572,11/17/2022,1165.0
26-511-5323,2/10/2023,5034.62
88-636-1577,6/28/2022,5273.55
29-316-2389,11/3/2022,9256.6
52-891-5455,12/9/2022,771.92
13-912-3974,7/26/2022,1761.95
49-438-1447,12/17/2022,1878.36
18-570-3028,5/31/2022,1887.06
43-963-8072,5/3/2022,3212.52
98-021-4439,6/28/2022,5917.6
90-289-6640,6/14/2022,1042.76
70-566-6366,3/5/2023,1049.04
58-101-2931,9/15/2022,6105.76
07-145-2904,8/16/2022,491.58
82-793-2398,7/10/2022,3244.24
99-266-2830,7/11/2022,792.4
30-733-0979,12/20/2022,287.02
44-728-7291,4/17/2022,1537.4
19-704-8534,2/23/2023,3082.16
86-642-4912,9/12/2022,3099.58
81-438-8730,6/4/2022,1899.2
82-653-6132,3/29/2023,193.38
72-672-7575,1/25/2023,5545.68
49-728-9980,8/4/2022,1453.24
46-314-4770,5/5/2022,2806.65
16-857-6472,8/20/2022,312.03
78-435-6620,11/12/2022,5964.6
50-002-2382,8/20/2022,7159.8
65-575-7753,4/22/2022,1731.28
42-972-8418,8/9/2022,4143.15
80-557-8256,4/11/2022,1918.73
97-743-9284,1/6/2023,517.28
30-016-0330,12/21/2022,1905.96
70-240-4382,4/16/2022,7105.5
11-255-7936,3/10/2023,530.72
23-544-2013,2/17/2023,941.93
68-951-5214,2/26/2023,8077.02
03-989-4379,9/26/2022,8077.02
57-356-3942,5/27/2022,980.08
03-280-8462,12/13/2022,213.56
67-539-8476,8/22/2022,285.0
26-810-7015,7/21/2022,7231.2
81-801-7457,11/6/2022,3267.6
20-107-9209,8/27/2022,2666.16
89-179-7890,5/11/2022,3317.21
42-857-7290,11/20/2022,3215.74
11-081-7781,9/23/2022,9458.39
37-636-9579,9/3/2022,562.96
23-545-4138,1/13/2023,433.35
82-555-7046,9/26/2022,6922.62
22-014-1297,5/20/2022,3084.16
04-679-2888,12/13/2022,4034.88
38-525-5284,11/26/2022,1287.52
32-551-8846,2/21/2023,2382.31
13-167-0049,9/15/2022,894.95
42-234-1850,7/3/2022,1036.7
62-304-1783,1/20/2023,103.52
59-528-6714,11/10/2022,3334.5
22-549-2153,8/31/2022,2403.2
02-677-0943,4/9/2022,5620.5
95-666-2073,4/26/2022,1204.68
61-920-1810,7/3/2022,2202.6
26-178-1475,9/18/2022,1128.24
71-822-4956,4/8/2023,280.14
13-225-0190,9/30/2022,1749.42
64-643-9921,2/15/2023,346.02
87-627-7913,8/6/2022,6925.05
54-098-9604,6/22/2022,3441.36
74-534-0567,2/25/2023,955.38
44-029-3594,6/3/2022,4074.0
23-365-7430,7/10/2022,765.4
97-048-5631,1/11/2023,7333.92
06-431-4659,5/8/2022,656.07
58-912-3417,12/11/2022,6497.76
13-445-1080,12/30/2022,1624.48
24-798-2753,7/25/2022,2732.52
11-077-0141,2/14/2023,2146.92
85-856-1829,1/11/2023,225.94
39-492-9686,9/28/2022,280.18
51-008-9717,9/11/2022,220.53
45-340-3070,11/4/2022,3185.12
97-475-1507,1/14/2023,1750.8
92-048-4041,4/2/2023,2016.75
81-004-6375,7/1/2022,4327.2
10-125-8664,10/27/2022,2117.4
28-741-1492,2/23/2023,1763.58
01-343-2706,10/4/2022,395.8
53-135-1650,7/16/2022,2489.85
69-574-7467,9/15/2022,4484.77
05-831-3538,3/31/2023,5049.85
95-929-5782,11/1/2022,3621.48
87-006-9731,6/3/2022,1012.56
33-235-5081,4/12/2022,1233.28
66-570-7445,3/8/2023,996.3
92-355-6527,9/10/2022,3489.15
36-166-8075,10/5/2022,4416.16
99-148-7385,8/8/2022,2706.06
50-655-8250,3/9/2023,6498.45
31-072-1364,7/12/2022,140.97
64-105-2245,12/3/2022,770.8
55-662-0566,11/14/2022,2241.11
43-502-9277,9/15/2022,8571.6
03-956-9025,1/26/2023,4365.48
11-704-4361,4/5/2023,1660.4
67-184-3497,2/28/2023,1953.18
05-830-0707,7/16/2022,1765.02
65-757-4344,6/9/2022,1107.4
21-773-9542,12/1/2022,2316.95
25-368-1264,2/28/2023,1036.8
17-122-7658,5/5/2022,4249.76
64-968-3991,12/26/2022,1594.4
34-029-8043,9/18/2022,2011.44
66-089-8604,7/29/2022,2780.64
22-457-0547,3/4/2023,362.75
68-038-0323,10/12/2022,4220.97
18-448-5618,1/20/2023,1235.68
